Field,prod_vbHBEat,prod_vbHBO,prod_vbHBRec,prod_vbHBShop,prod_vbHBW,prod_vbNHB,prod_vpHBEat,prod_vpHBO,prod_vpHBRec,prod_vpHBShop,prod_vpNHB,Description
visitors_b,0.8624830261167803,0.0434862608145256,0.7668966037513661,0.40247515097096137,0.8799941856400028,1.5021702650685764,0,0,0,0,0,
visitors_p,0,0,0,0,0,0,1.2783463616239654,0.20209798044677768,1.2233205126510003,0.6248042972830221,2.180282407597489,
