Field,prod_vbHBEat,prod_vbHBRec,prod_vbHBShop,prod_vbHBW,prod_vbNHB,prod_vbOther,prod_vpHBEat,prod_vpHBRec,prod_vpHBShop,prod_vpNHB,prod_vpOther
visitors_b,0.8624830261167803,0.7668966037513661,0.40247515097096137,0.8799941856400028,1.5021702650685764,0.0434862608145256,0,0,0,0,0
visitors_p,0,0,0,0,0,0,1.2783463616239654,1.2233205126510003,0.6248042972830221,2.180282407597489,0.20209798044677768
